{"cameraMode":{"drawMode":0,"name":"Shaded","section":"Shading Mode"},"sceneLighting":true,"audioPlay":false,"sceneViewState":{"m_AlwaysRefresh":false,"showFog":true,"showSkybox":false,"showFlares":true,"showImageEffects":true,"showParticleSystems":true,"showVisualEffectGraphs":true,"m_FxEnabled":true},"in2DMode":false,"pivot":{"x":0.008068859577178955,"y":-0.8280524015426636,"z":-0.4800541400909424},"rotation":{"x":0.18164648115634919,"y":0.0595536082983017,"z":-0.011021795682609082,"w":0.9814988374710083},"size":1.6894193887710572,"orthographic":false}